X1,X2,X3,Y,Y-ENN,Y-ANN
5362.86,5278.92,5461.99,5416.77,6786.113446,5780.747716
5416.77,5362.86,5278.92,5450.28,6759.911897,5782.452443
5450.28,5416.77,5362.86,5465.3,6804.473111,5834.415402
5465.3,5450.28,5416.77,5371.22,6831.39428,5865.2144
5371.22,5465.3,5450.28,5384.65,6822.741747,5845.49274
5384.65,5371.22,5465.3,5202.28,6811.161371,5821.346665
5202.28,5384.65,5371.22,5318.49,6742.573385,5737.614264
5318.49,5202.28,5384.65,5305.89,6736.428908,5719.076623
5305.89,5318.49,5202.28,5264.91,6701.636574,5708.662162
5264.91,5305.89,5318.49,5249.32,6724.955926,5719.216852
5249.32,5264.91,5305.89,5104.3,6709.112572,5696.478457
5104.3,5249.32,5264.91,5081.47,6659.78523,5630.161025
5081.47,5104.3,5249.32,5089.36,6620.25832,5569.077067
5089.36,5081.47,5104.3,5150.55,6573.540014,5528.176653
5150.55,5089.36,5081.47,5105.78,6582.352622,5546.293014
5105.78,5150.55,5089.36,5279.17,6586.815384,5553.457522
5279.17,5105.78,5150.55,5265.96,6636.353074,5613.591823
5265.96,5279.17,5105.78,5280.96,6654.989846,5656.938871
5280.96,5265.96,5279.17,5348.4,6708.541233,5701.218406
5348.4,5280.96,5265.96,5352.7,6723.267749,5726.752865
5352.7,5348.4,5280.96,5400.1,6742.640639,5755.323427
5400.1,5352.7,5348.4,5390.69,6775.183536,5790.668024
5390.69,5400.1,5352.7,5409.5,6784.020939,5804.869826
5409.5,5390.69,5400.1,5424.01,6800.99457,5820.338747
5424.01,5409.5,5390.69,5454.18,6805.364949,5829.639748
5454.18,5424.01,5409.5,5485.55,6821.164283,5850.227579
5485.55,5454.18,5424.01,5473.47,6839.157719,5875.654298
5473.47,5485.55,5454.18,5474.62,6852.04096,5890.03728
5474.62,5473.47,5485.55,5439.68,6859.457358,5894.261129
5439.68,5474.62,5473.47,5388.3,6847.798151,5879.083714
5388.3,5439.68,5474.62,5379.13,6828.936741,5848.857894
5379.13,5388.3,5439.68,5389.41,6805.528714,5818.801164
5389.41,5379.13,5388.3,5440.63,6790.315918,5806.189049
5440.63,5389.41,5379.13,5426.29,6801.584679,5825.610744
5426.29,5440.63,5389.41,5411.07,6811.897748,5840.962859
5411.07,5426.29,5440.63,5347,6821.091005,5843.620706
5347,5411.07,5426.29,5315.69,6798.592506,5811.900147
5315.69,5347,5411.07,5352.34,6773.483049,5774.725139
5352.34,5315.69,5347,5304.33,6756.031812,5760.611675
5304.33,5352.34,5315.69,5290.04,6742.781915,5748.404669
5290.04,5304.33,5352.34,5206.83,6740.818304,5736.068008
5206.83,5290.04,5304.33,5262.31,6703.890542,5689.808969
5262.31,5206.83,5290.04,5309,6695.443619,5677.124208
5309,5262.31,5206.83,5304.37,6692.276636,5691.601798
5304.37,5309,5262.31,5343.48,6717.640518,5719.996277
5343.48,5304.37,5309,5364.1,6740.043855,5743.962076
5364.1,5343.48,5304.37,5369.09,6751.439632,5763.575904
5369.09,5364.1,5343.48,5352.74,6768.779404,5782.391619
5352.74,5369.09,5364.1,5326.43,6772.292315,5783.566718
5326.43,5352.74,5369.09,5335.57,6764.329557,5769.866475
5335.57,5326.43,5352.74,5329.68,6756.07518,5759.855687
5329.68,5335.57,5326.43,5377.92,6748.536231,5754.274795
5377.92,5329.68,5335.57,5417.86,6761.369024,5771.591888
5417.86,5377.92,5329.68,5377.76,6778.773001,5800.952356
5377.76,5417.86,5377.92,5409.23,6792.362906,5812.86635
5409.23,5377.76,5417.86,5401.33,6803.716857,5820.269801
5401.33,5409.23,5377.76,5371.47,6796.049511,5818.194124
5371.47,5401.33,5409.23,5355.64,6797.087456,5812.859224
5355.64,5371.47,5401.33,5381.59,6784.846041,5794.871884
5381.59,5355.64,5371.47,5393.94,6778.522594,5790.990438
5393.94,5381.59,5355.64,5330.14,6781.883515,5800.345233
5330.14,5393.94,5381.59,5346.45,6777.460976,5788.61693
5346.45,5330.14,5393.94,5320.67,6771.966796,5775.422544
5320.67,5346.45,5330.14,5327.54,6749.79678,5755.792253
5327.54,5320.67,5346.45,5318.72,6751.102207,5753.439017
5318.72,5327.54,5320.67,5195.5,6742.579913,5746.178751
5195.5,5318.72,5327.54,5171.73,6714.187812,5701.520481
5171.73,5195.5,5318.72,5199.49,6680.823914,5648.770001
5199.49,5171.73,5195.5,5184.14,6644.963673,5619.537669
5184.14,5199.49,5171.73,5173.2,6639.840473,5617.715643
5173.2,5184.14,5199.49,5118.43,6642.610537,5615.610812
5118.43,5173.2,5184.14,5087.94,6623.048386,5589.04235
5087.94,5118.43,5173.2,4997.35,6601.557576,5557.21494
4997.35,5087.94,5118.43,5055.99,6557.909413,5502.189696
5055.99,4997.35,5087.94,5045.91,6543.877678,5484.405039
5045.91,5055.99,4997.35,5045.7,6526.093149,5478.338486
5045.7,5045.91,5055.99,4958.93,6541.690527,5489.304094
4958.93,5045.7,5045.91,4890.9,6518.653079,5457.057509
4890.9,4958.93,5045.7,4970.35,6485.470695,5404.94382
4970.35,4890.9,4958.93,5080.67,6463.914371,5388.22224
5080.67,4970.35,4890.9,5126.08,6484.754399,5435.515951
5126.08,5080.67,4970.35,5128.76,6541.382908,5507.482197
5128.76,5126.08,5080.67,5196.78,6584.527781,5550.974152
5196.78,5128.76,5126.08,5217.87,6614.537599,5586.69475
5217.87,5196.78,5128.76,5245.89,6634.05794,5617.806386
5245.89,5217.87,5196.78,5267.92,6665.505637,5651.773991
5267.92,5245.89,5217.87,5233.76,6682.745912,5674.352158
5233.76,5267.92,5245.89,5299.47,6687.835528,5676.975292
5299.47,5233.76,5267.92,5296.07,6702.840349,5693.824483
5296.07,5299.47,5233.76,5342.9,6705.06087,5706.604788
5342.9,5296.07,5299.47,5371.52,6735.301631,5738.485857
5371.52,5342.9,5296.07,5420.98,6750.51499,5763.893997
5420.98,5371.52,5342.9,5445.57,6782.233614,5803.198232
5445.57,5420.98,5371.52,5470.23,6806.889261,5836.414582
5470.23,5445.57,5420.98,5433.98,6832.87134,5866.404701
5433.98,5470.23,5445.57,5381.01,6836.99862,5868.375276
5381.01,5433.98,5470.23,5467.02,6824.713317,5843.155375
5467.02,5381.01,5433.98,5465.25,6822.838192,5846.058704
5465.25,5467.02,5381.01,5453.11,6823.856802,5861.897036
5453.11,5465.25,5467.02,5458.42,6847.036643,5878.952104
5458.42,5453.11,5465.25,5468.29,6845.239919,5876.151149
5468.29,5458.42,5453.11,5390.02,6844.917834,5878.423395
5390.02,5468.29,5458.42,5383.35,6830.251342,5855.309973
5383.35,5390.02,5468.29,5367.33,6815.634726,5828.186006
5367.33,5383.35,5390.02,5331.91,6786.551269,5800.262022
5331.91,5367.33,5383.35,5246.91,6772.95773,5780.470668
5246.91,5331.91,5367.33,5330.97,6740.990864,5734.170767
5330.97,5246.91,5331.91,5352.12,6732.368268,5725.532433
5352.12,5330.97,5246.91,5349.04,6728.547394,5740.490075
5349.04,5352.12,5330.97,5353.41,6757.824896,5767.982129
5353.41,5349.04,5352.12,5379.01,6764.677223,5773.822137
5379.01,5353.41,5349.04,5427.37,6770.603275,5783.610009
5427.37,5379.01,5353.41,5484.01,6788.478141,5810.738734
5484.01,5427.37,5379.01,5515.05,6819.485884,5854.237588
5515.05,5484.01,5427.37,5520.87,6853.234832,5897.492015
5520.87,5515.05,5484.01,5502.3,6878.391003,5925.002609
5502.3,5520.87,5515.05,5514.54,6884.776184,5928.367598
5514.54,5502.3,5520.87,5535.05,6885.611358,5927.732613
5535.05,5514.54,5502.3,5523.3,6887.236508,5934.61324
5523.3,5535.05,5514.54,5557.28,6892.470494,5940.754036
5557.28,5523.3,5535.05,5572.36,6904.33689,5954.109636
5572.36,5557.28,5523.3,5567.84,6911.271795,5968.470332
5567.84,5572.36,5557.28,5561.08,6923.785189,5980.931607
5561.08,5567.84,5572.36,5552.5,6925.908132,5980.796696
5552.5,5561.08,5567.84,5576.8,6921.10364,5974.155664
5576.8,5552.5,5561.08,5633.13,6922.962505,5978.135078
5633.13,5576.8,5552.5,5676.16,6938.582196,6004.80681
5676.16,5633.13,5576.8,5698.64,6967.846723,6046.608986
5698.64,5676.16,5633.13,5738.43,6999.443037,6084.695094
5738.43,5698.64,5676.16,5701.69,7026.791465,6118.393664
5701.69,5738.43,5698.64,5759.14,7033.318945,6125.076963
5759.14,5701.69,5738.43,5766.65,7051.585345,6143.301288
5766.65,5759.14,5701.69,5824.39,7053.903728,6156.968669
5824.39,5766.65,5759.14,5827.84,7086.914768,6195.833832
5827.84,5824.39,5766.65,5842.07,7102.055991,6219.799465
5842.07,5827.84,5824.39,5853.11,7124.057398,6241.456212
5853.11,5842.07,5827.84,5874.15,7130.703665,6251.54346
5874.15,5853.11,5842.07,5965.99,7142.40546,6267.009304
5965.99,5874.15,5853.11,5977.92,7171.997122,6311.357949
5977.92,5965.99,5874.15,6045.74,7200.506847,6354.578703
6045.74,5977.92,5965.99,6045.52,7247.701309,6408.431487
6045.52,6045.74,5977.92,6077.8,7265.522727,6436.201758
6077.8,6045.52,6045.74,6123.85,7294.301492,6466.212098
6123.85,6077.8,6045.52,6107.44,7311.944317,6495.091003
6107.44,6123.85,6077.8,6218.46,7327.733849,6514.429742
6218.46,6107.44,6123.85,6221.59,7365.141949,6562.234514
6221.59,6218.46,6107.44,6297.75,7383.99595,6599.724016
6297.75,6221.59,6218.46,6285.68,7437.531912,6659.307297
6285.68,6297.75,6221.59,6353.45,7451.585315,6683.658552
6353.45,6285.68,6297.75,6318.9,7489.075205,6725.258834
6318.9,6353.45,6285.68,6484.14,7491.248934,6733.995777
6484.14,6318.9,6353.45,6709.93,7544.723301,6801.883812
6709.93,6484.14,6318.9,6657.57,7622.592897,6939.231582
6657.57,6709.93,6484.14,6426.17,7709.255552,7048.293289
6426.17,6657.57,6709.93,6559.98,7713.641064,7002.395697
6559.98,6426.17,6657.57,6632.84,7680.679326,6952.89185
6632.84,6559.98,6426.17,6603.65,7653.682019,6967.339298
6603.65,6632.84,6559.98,6746.28,7703.934635,7019.776369
6746.28,6603.65,6632.84,6862.11,7754.795915,7082.985361
6862.11,6746.28,6603.65,6889.05,7803.325453,7172.285029
6889.05,6862.11,6746.28,6905.93,7878.791231,7264.746706
6905.93,6889.05,6862.11,6953.17,7924.77244,7312.912014
6953.17,6905.93,6889.05,6798.12,7948.052747,7344.601141
6798.12,6953.17,6905.93,6748.62,7926.15264,7307.71829
6748.62,6798.12,6953.17,6869.29,7896.578238,7243.873067
6869.29,6748.62,6798.12,6950.1,7866.488667,7229.019186
6950.1,6869.29,6748.62,7015.16,7895.642772,7291.345594
7015.16,6950.1,6869.29,6968.18,7965.955879,7379.337615
6968.18,7015.16,6950.1,7091.12,7993.658125,7407.814926
7091.12,6968.18,7015.16,7154.83,8033.560642,7454.968636
7154.83,7091.12,6968.18,7157.64,8059.838983,7512.315397
7157.64,7154.83,7091.12,7196.75,8112.272005,7570.777055
7196.75,7157.64,7154.83,7238.92,8142.090926,7604.149148
7238.92,7196.75,7157.64,7342.62,8161.201572,7635.566268
7342.62,7238.92,7196.75,7402.96,8206.928269,7701.448573
7402.96,7342.62,7238.92,7509.76,8256.07286,7774.48858
7509.76,7402.96,7342.62,7579.98,8326.296389,7865.70973
7579.98,7509.76,7402.96,7733.36,8383.903543,7948.294805
7733.36,7579.98,7509.76,7865.94,8467.872259,8061.154176
7865.94,7733.36,7579.98,7925.92,8552.570394,8186.399408
7925.92,7865.94,7733.36,8180.97,8641.198139,8298.567559
8180.97,7925.92,7865.94,8253.34,8753.829267,8450.699051
8253.34,8180.97,7925.92,8285.48,8841.001695,8585.126723
8285.48,8253.34,8180.97,8261.28,8940.459056,8689.887721
8261.28,8285.48,8253.34,8404.49,8963.228342,8711.452807
8404.49,8261.28,8285.48,8206.16,9001.041241,8763.41429
8206.16,8404.49,8261.28,8496.36,8976.941963,8735.659551
8496.36,8206.16,8404.49,8792.7,9046.848719,8808.292263
8792.7,8496.36,8206.16,8863.34,9113.479706,8965.283299
8863.34,8792.7,8496.36,9218.63,9274.645476,9166.282113
9218.63,8863.34,8792.7,9588.46,9454.93655,9387.50152
9588.46,9218.63,8863.34,9574.11,9625.462028,9646.053319
9574.11,9588.46,9218.63,9603.73,9793.282124,9842.745431
9603.73,9574.11,9588.46,10000.17,9900.247499,9933.732998
10000.17,9603.73,9574.11,10304.72,9985.529933,10065.15375
10304.72,10000.17,9603.73,10079.2,10129.28698,10282.99707
10079.2,10304.72,10000.17,9638.17,10243.79825,10388.68473
9638.17,10079.2,10304.72,9499.42,10194.82015,10257.39048
9499.42,9638.17,10079.2,9098.48,10025.30586,10032.66233
9098.48,9499.42,9638.17,8698.88,9792.202392,9758.249914
8698.88,9098.48,9499.42,8315.67,9589.738953,9461.59547
8315.67,8698.88,9098.48,7964.95,9310.183388,9093.778976
7964.95,8315.67,8698.88,7709.95,9035.257903,8730.822484
7709.95,7964.95,8315.67,7853.26,8789.176041,8409.85107
7853.26,7709.95,7964.95,8084.37,8663.189855,8276.625032
8084.37,7853.26,7709.95,7770.52,8668.580825,8346.807277
7770.52,8084.37,7853.26,7596.87,8686.40611,8352.196524
7596.87,7770.52,8084.37,8052,8652.141545,8234.868657
8052,7596.87,7770.52,7821.18,8626.877762,8257.453545
7821.18,8052,7596.87,7614.71,8612.924926,8290.627886
7614.71,7821.18,8052,7785.05,8656.800251,8251.377021
7785.05,7614.71,7821.18,7593.3,8583.369764,8177.512552
7593.3,7785.05,7614.71,7244.55,8509.665396,8112.23549
7244.55,7593.3,7785.05,6939.64,8440.219441,7956.000339
6939.64,7244.55,7593.3,7123.5,8235.73244,7658.398325
7123.5,6939.64,7244.55,7202.96,8107.039322,7519.39682
7202.96,7123.5,6939.64,7512.91,8069.192059,7534.94682
7512.91,7202.96,7123.5,7235.91,8217.147822,7732.872565
7235.91,7512.91,7202.96,6953.64,8240.629462,7764.45877
6953.64,7235.91,7512.91,7031.55,8212.209707,7638.549477
7031.55,6953.64,7235.91,7101.83,8085.315429,7487.192304
7101.83,7031.55,6953.64,6997.33,8030.14988,7465.887323
6997.33,7101.83,7031.55,7163.75,8044.270324,7473.573263
7163.75,6997.33,7101.83,7276.65,8084.119063,7517.260894
7276.65,7163.75,6997.33,7145.75,8113.242052,7593.827805
7145.75,7276.65,7163.75,7104.65,8157.589158,7631.516105
7104.65,7145.75,7276.65,6833.6,8155.669153,7597.910157
6833.6,7104.65,7145.75,6887.94,8041.456721,7443.409697
6887.94,6833.6,7104.65,6899.59,7984.790163,7351.666463
6899.59,6887.94,6833.6,7097.52,7914.091744,7302.283398
7097.52,6899.59,6887.94,7183.25,7980.902221,7396.99467
7183.25,7097.52,6899.59,7384.98,8046.518349,7506.782147
7384.98,7183.25,7097.52,7367.7,8174.44385,7669.745798
7367.7,7384.98,7183.25,7497.66,8239.17501,7761.646118
7497.66,7367.7,7384.98,7284.08,8329.25103,7859.568159
7284.08,7497.66,7367.7,7411.33,8300.190371,7822.012708
7411.33,7284.08,7497.66,7315.59,8326.369087,7826.433833
7315.59,7411.33,7284.08,7437.79,8263.673079,7779.128511
7437.79,7315.59,7411.33,7348.37,8312.374863,7824.670737
7348.37,7437.79,7315.59,7413.93,8286.791254,7810.003921
7413.93,7348.37,7437.79,7300.09,8321.756617,7834.990786
7300.09,7413.93,7348.37,6984.22,8280.540694,7791.732459
6984.22,7300.09,7413.93,7035.38,8202.03257,7647.075043
7035.38,6984.22,7300.09,6942.56,8112.684855,7517.6243
6942.56,7035.38,6984.22,6665.06,8002.449298,7414.924878
6665.06,6942.56,7035.38,6467.15,7932.636315,7288.41186
6467.15,6665.06,6942.56,6708.48,7797.94767,7084.147814
6708.48,6467.15,6665.06,6860.15,7727.184812,7026.551933
6860.15,6708.48,6467.15,7020.37,7752.128108,7120.180085
7020.37,6860.15,6708.48,7323.75,7897.965794,7303.755066
7323.75,7020.37,6860.15,7213.17,8051.594324,7520.786746
7213.17,7323.75,7020.37,7104.24,8138.753826,7635.566812
7104.24,7213.17,7323.75,7391.25,8184.356168,7635.764009
7391.25,7104.24,7213.17,7263.04,8195.512753,7674.279181
7263.04,7391.25,7104.24,7307.24,8190.925214,7702.599037
7307.24,7263.04,7391.25,7345.29,8264.140667,7750.04413
7345.29,7307.24,7263.04,7442.29,8242.482107,7745.982287
7442.29,7345.29,7307.24,7370.87,8287.252027,7809.051549
7370.87,7442.29,7345.29,7489.18,8302.316513,7828.312549
7489.18,7370.87,7442.29,7331.27,8345.704317,7873.124724
7331.27,7489.18,7370.87,7398.73,8310.624637,7837.647387
7398.73,7331.27,7489.18,7665.57,8330.560962,7836.866105
7665.57,7398.73,7331.27,7490.66,8358.877885,7920.130025
7490.66,7665.57,7398.73,7409.84,8393.777768,7970.951362
7409.84,7490.66,7665.57,7417.68,8421.051871,7948.144616
7417.68,7409.84,7490.66,7350.46,8351.862445,7873.618639
7350.46,7417.68,7409.84,7255.5,8312.416308,7829.010837
7255.5,7350.46,7417.68,7504.3,8278.282083,7770.092151
7504.3,7255.5,7350.46,7524.39,8296.735739,7811.025956
7524.39,7504.3,7255.5,7464.6,8323.781727,7885.121924
7464.6,7524.39,7504.3,7408.55,8391.028343,7937.552027
7408.55,7464.6,7524.39,7517.92,8371.551654,7899.633792
7517.92,7408.55,7464.6,7531.17,8367.286129,7904.06196
7531.17,7517.92,7408.55,7590.39,8375.759703,7934.351043
7590.39,7531.17,7517.92,7588.94,8426.456793,7991.356317
7588.94,7590.39,7531.17,7553.76,8442.497561,8016.271583
7553.76,7588.94,7590.39,7512.02,8452.207753,8018.49928
7512.02,7553.76,7588.94,7481.34,8434.589851,7989.338055
7481.34,7512.02,7553.76,7471.72,8407.764501,7952.74836
7471.72,7481.34,7512.02,7535.81,8386.170031,7926.4101
7535.81,7471.72,7481.34,7438.61,8389.847376,7938.786166
7438.61,7535.81,7471.72,7320.45,8377.130594,7923.081189
7320.45,7438.61,7535.81,7411.95,8348.792149,7859.690064
7411.95,7320.45,7438.61,7411.4,8315.729639,7824.093802
7411.4,7411.95,7320.45,7353.85,8297.904435,7825.673275
7353.85,7411.4,7411.95,7306.01,8312.570438,7828.541412
7306.01,7353.85,7411.4,7301.79,8289.044356,7788.839851
7301.79,7306.01,7353.85,7218.8,8260.157163,7753.754075
7218.8,7301.79,7306.01,7215.17,8224.619476,7707.554531
7215.17,7218.8,7301.79,7178.93,8205.116823,7674.115146
7178.93,7215.17,7218.8,7195.1,8169.833969,7636.288279
7195.1,7178.93,7215.17,7325.13,8164.983802,7627.948703
7325.13,7195.1,7178.93,7442.04,8188.052343,7673.603893
7442.04,7325.13,7195.1,7404.8,8248.077418,7770.893708
7404.8,7442.04,7325.13,7418.61,8304.057884,7835.611189
7418.61,7404.8,7442.04,7315.52,8335.931151,7858.86883
7315.52,7418.61,7404.8,7184.48,8302.74002,7814.71341
7184.48,7315.52,7418.61,7065.15,8254.393762,7730.338478
7065.15,7184.48,7315.52,6970.7,8166.475694,7607.923756
6970.7,7065.15,7184.48,7150.65,8078.048296,7491.554839
7150.65,6970.7,7065.15,7123.47,8063.947412,7492.290347
7123.47,7150.65,6970.7,7139.09,8065.600568,7523.25814
7139.09,7123.47,7150.65,7099.23,8119.881684,7568.282974
7099.23,7139.09,7123.47,7311.92,8105.143847,7551.481461
7311.92,7099.23,7139.09,7590.54,8152.437202,7621.955783
7590.54,7311.92,7099.23,7559,8250.801989,7796.287669
7559,7590.54,7311.92,7514.04,8367.458938,7945.502385
7514.04,7559,7590.54,7555.98,8436.650003,7992.472002
7555.98,7514.04,7559,7585.69,8427.48421,7983.159428
7585.69,7555.98,7514.04,7691.7,8429.287956,7997.692539
7691.7,7585.69,7555.98,7746.86,8473.504151,8060.054299
7746.86,7691.7,7585.69,7799.11,8517.64588,8127.888174
7799.11,7746.86,7691.7,7768.98,8574.047169,8196.36046
7768.98,7799.11,7746.86,7789.76,8594.712425,8219.044233
7789.76,7768.98,7799.11,7850.51,8609.469866,8229.866053
7850.51,7789.76,7768.98,7807.8,8618.760639,8252.120368
7807.8,7850.51,7789.76,7804.38,8627.615308,8263.911239
7804.38,7807.8,7850.51,7884.29,8636.693959,8263.349995
7884.29,7804.38,7807.8,7889.24,8641.632126,8280.525461
7889.24,7884.29,7804.38,7892.57,8658.167787,8310.597396
7892.57,7889.24,7884.29,7895.47,8684.475078,8335.049666
7895.47,7892.57,7889.24,7956.52,8687.35494,8338.66799
7956.52,7895.47,7892.57,7979.92,8703.26594,8363.363967
7979.92,7956.52,7895.47,7934.54,8722.138333,8395.008456
7934.54,7979.92,7956.52,7972.97,8734.99312,8402.917795
7972.97,7934.54,7979.92,8066,8741.840453,8406.99277
8066,7972.97,7934.54,8187.11,8757.561289,8443.34756
8187.11,8066,7972.97,8186.08,8816.499464,8531.910891
8186.08,8187.11,8066,8179.9,8869.18706,8599.587406
8179.9,8186.08,8187.11,8217.5,8904.271246,8628.883205
8217.5,8179.9,8186.08,8194.64,8911.411838,8640.189084
8194.64,8217.5,8179.9,8195.69,8911.869424,8643.607554
8195.69,8194.64,8217.5,8151.6,8918.863066,8645.728688
8151.6,8195.69,8194.64,8225.66,8901.947109,8623.9209
8225.66,8151.6,8195.69,8327.87,8910.474928,8635.603806
8327.87,8225.66,8151.6,8424.51,8935.775751,8687.818307
8424.51,8327.87,8225.66,8579.63,9001.057388,8778.617245
8579.63,8424.51,8327.87,8540.24,9086.77658,8895.184469
8540.24,8579.63,8424.51,8542.4,9137.683405,8960.077498
8542.4,8540.24,8579.63,8520.82,9176.530763,8987.017547
8520.82,8542.4,8540.24,8622.93,9160.326076,8969.943141
8622.93,8520.82,8542.4,8792.07,9179.905089,8999.465785
8792.07,8622.93,8520.82,8762.14,9232.165824,9089.274124
8762.14,8792.07,8622.93,8860.9,9289.034545,9162.500214
8860.9,8762.14,8792.07,8900.9,9355.0943,9229.514175
8900.9,8860.9,8762.14,8669.39,9374.653082,9269.320009
8669.39,8900.9,8860.9,8872.96,9359.562789,9226.941022
8872.96,8669.39,8900.9,8557.95,9371.502297,9229.621942
8557.95,8872.96,8669.39,8290.32,9272.645126,9130.038518
8290.32,8557.95,8872.96,8408.62,9209.933827,8978.443127
8408.62,8290.32,8557.95,8316.21,9089.62917,8846.073728
8316.21,8408.62,8290.32,8235.12,9011.866639,8784.6939
8235.12,8316.21,8408.62,8319.29,9010.198835,8753.447725
8319.29,8235.12,8316.21,8247.37,8985.401561,8731.183089
8247.37,8319.29,8235.12,8436.62,8961.349328,8713.610999
8436.62,8247.37,8319.29,8661.46,9015.80795,8778.9861
8661.46,8436.62,8247.37,8690.97,9083.83174,8908.036741
8690.97,8661.46,8436.62,8792.22,9191.903391,9045.246058
8792.22,8690.97,8661.46,8793.93,9287.227935,9148.316884
8793.93,8792.22,8690.97,8835.26,9316.265653,9190.872319
8835.26,8793.93,8792.22,8889.75,9355.627268,9231.369271
8889.75,8835.26,8793.93,8895.68,9376.440802,9264.748899
8895.68,8889.75,8835.26,8864.04,9400.517068,9295.481753
8864.04,8895.68,8889.75,8933.51,9410.522253,9300.096809
8933.51,8864.04,8895.68,8960.8,9421.573938,9315.004808
8960.8,8933.51,8864.04,9006.4,9431.983793,9339.838762
9006.4,8960.8,8933.51,9016.34,9467.645031,9381.853881
9016.34,9006.4,8960.8,9073.14,9486.622167,9407.154783
9073.14,9016.34,9006.4,9064.39,9514.326657,9441.086379
9064.39,9073.14,9016.34,9147.02,9526.249095,9459.292505
9147.02,9064.39,9073.14,9134.55,9559.164128,9498.380651
9134.55,9147.02,9064.39,9026.59,9569.812748,9519.103281
9026.59,9134.55,9147.02,9081.03,9567.430996,9498.609495
9081.03,9026.59,9134.55,9208.12,9555.031713,9478.564846
9208.12,9081.03,9026.59,9344.84,9562.420346,9513.180105
9344.84,9208.12,9081.03,9396.5,9632.424574,9613.703954
9396.5,9344.84,9208.12,9369.34,9705.923832,9705.205284
9369.34,9396.5,9344.84,9418.35,9748.529212,9745.154841
9418.35,9369.34,9396.5,9431.81,9768.552646,9764.852275
9431.81,9418.35,9369.34,9459.72,9773.03964,9778.345512
9459.72,9431.81,9418.35,9451.32,9795.367249,9803.242043
9451.32,9459.72,9431.81,9403.54,9802.588093,9812.44243
9403.54,9451.32,9459.72,9490.61,9798.584623,9800.784428
9490.61,9403.54,9451.32,9514.83,9805.949584,9812.161457
9514.83,9490.61,9403.54,9379.7,9814.084902,9836.15376
9379.7,9514.83,9490.61,9482.08,9814.060872,9820.231378
9482.08,9379.7,9514.83,9504.43,9817.459351,9816.795223
9504.43,9482.08,9379.7,9471.7,9803.562991,9824.520716
9471.7,9504.43,9482.08,9491.47,9829.436988,9844.852231
9491.47,9471.7,9504.43,9372.57,9833.795552,9846.249275
9372.57,9491.47,9471.7,9447.42,9802.839936,9806.133925
9447.42,9372.57,9491.47,9466.94,9802.130299,9797.766513
9466.94,9447.42,9372.57,9497.55,9786.985991,9799.748512
9497.55,9466.94,9447.42,9556.61,9818.241422,9833.39985
9556.61,9497.55,9466.94,9672.47,9842.081629,9866.656211
9672.47,9556.61,9497.55,9766.9,9886.342614,9929.353378
9766.9,9672.47,9556.61,9853.65,9944.216166,10008.51115
9853.65,9766.9,9672.47,9908.29,10011.72055,10090.65348
9908.29,9853.65,9766.9,9886.3,10064.76168,10154.74752
9886.3,9908.29,9853.65,9990.19,10093.68352,10183.47754
9990.19,9886.3,9908.29,10093.48,10125.98734,10220.97994
10093.48,9990.19,9886.3,10166,10160.0682,10277.93938
10166,10093.48,9990.19,10235.17,10221.21325,10352.14239
10235.17,10166,10093.48,10259.87,10275.56701,10415.52883
10259.87,10235.17,10166,10227.87,10311.88879,10457.71103
10227.87,10259.87,10235.17,10346.55,10327.97473,10469.90273
10346.55,10227.87,10259.87,10169.68,10352.62984,10500.79866
10169.68,10346.55,10227.87,10213.26,10329.59106,10475.57927
10213.26,10169.68,10346.55,10304.87,10338.43326,10463.93551
10304.87,10213.26,10169.68,10447.56,10318.05662,10465.5329
10447.56,10304.87,10213.26,10527.84,10374.08906,10541.61262
10527.84,10447.56,10304.87,10523.37,10438.55652,10622.52724
10523.37,10527.84,10447.56,10497.07,10488.18415,10672.03932
10497.07,10523.37,10527.84,10465.56,10502.81224,10679.77293
10465.56,10497.07,10523.37,10726.46,10491.00034,10662.96478
10726.46,10465.56,10497.07,10801.09,10529.86627,10722.22883
10801.09,10726.46,10465.56,10914.58,10580.58077,10804.90673
10914.58,10801.09,10726.46,11052.86,10680.11059,10905.69424
11052.86,10914.58,10801.09,11218.61,10743.3804,10984.99973
11218.61,11052.86,10914.58,10920.09,10824.46879,11083.04362
10920.09,11218.61,11052.86,11259.32,10829.46874,11072.43119
11259.32,10920.09,11218.61,11177.91,10883.72763,11117.62959
11177.91,11259.32,10920.09,11352.63,10851.59516,11123.27994
11352.63,11177.91,11259.32,11443.35,10951.34314,11209.40825
11443.35,11352.63,11177.91,11537.5,10976.0387,11257.60844
11537.5,11443.35,11352.63,11446.33,11047.74452,11331.65709
11446.33,11537.5,11443.35,11609.85,11067.134,11346.7472
11609.85,11446.33,11537.5,11546.79,11103.5086,11381.44308
11546.79,11609.85,11446.33,11191.74,11096.61985,11387.09318
11191.74,11546.79,11609.85,11456.12,11062.02441,11316.93434
11456.12,11191.74,11546.79,11473.99,11039.31118,11289.08567
11473.99,11456.12,11191.74,11381.25,11000.99317,11291.1352
11381.25,11473.99,11456.12,11415.29,11048.76286,11319.16003
11415.29,11381.25,11473.99,10947.42,11044.57151,11309.51383
10947.42,11415.29,11381.25,11086.3,10944.38875,11186.37901
11086.3,10947.42,11415.29,10598.38,10903.43567,11116.50833
10598.38,11086.3,10947.42,10804.35,10722.08075,10936.12372
10804.35,10598.38,11086.3,10474.2,10714.72955,10894.46904
10474.2,10804.35,10598.38,10094.81,10564.09808,10761.96939
10094.81,10474.2,10804.35,10436.53,10486.38653,10609.39686
10436.53,10094.81,10474.2,10393.87,10403.22269,10534.91377
10393.87,10436.53,10094.81,10689.36,10355.43269,10537.68298
10689.36,10393.87,10436.53,10951.08,10494.93419,10680.53886
10951.08,10689.36,10393.87,11028.22,10585.1874,10822.00965
11028.22,10951.08,10689.36,11130.13,10717.26116,10966.34154
11130.13,11028.22,10951.08,11278.45,10812.9233,11061.1862
11278.45,11130.13,11028.22,11459.58,10875.28443,11137.70224
11459.58,11278.45,11130.13,11402.22,10956.0378,11235.98268
11402.22,11459.58,11278.45,11449.52,11008.95704,11289.81784
11449.52,11402.22,11459.58,11414.34,11050.54801,11319.95963
11414.34,11449.52,11402.22,11568.69,11038.34874,11312.16773
11568.69,11414.34,11449.52,11485.9,11071.15685,11349.41058
11485.9,11568.69,11414.34,11573.94,11072.23548,11358.08915
11573.94,11485.9,11568.69,11664.97,11110.40871,11387.08084
11664.97,11573.94,11485.9,11666.38,11120.854,11413.65231
11666.38,11664.97,11573.94,11684.79,11154.93372,11448.67635
11684.79,11666.38,11664.97,11936.59,11178.88163,11468.49707
11936.59,11684.79,11666.38,11992.23,11225.13588,11529.95611
11992.23,11936.59,11684.79,12060.99,11275.97903,11597.73608
12060.99,11992.23,11936.59,12136.83,11350.62162,11664.12298
12136.83,12060.99,11992.23,12273.82,11385.06355,11702.79862
12273.82,12136.83,12060.99,12115.46,11432.97614,11757.1635
12115.46,12273.82,12136.83,12048.14,11442.78137,11762.17227
12048.14,12115.46,12273.82,12075.75,11438.451,11738.28514
12075.75,12048.14,12115.46,12007.6,11399.62171,11706.41563
12007.6,12075.75,12048.14,11802.6,11377.93955,11686.84531
11802.6,12007.6,12075.75,11941.8,11340.13899,11633.2065
11941.8,11802.6,12007.6,11910,11318.65704,11610.98566
11910,11941.8,11802.6,11683.7,11288.82075,11599.62695
11683.7,11910,11941.8,11342.1,11276.65768,11565.40904
11342.1,11683.7,11910,11572.9,11177.60166,11434.32041
11572.9,11342.1,11683.7,11728.1,11114.53117,11374.72011
11728.1,11572.9,11342.1,11690.2,11098.87022,11403.70573
11690.2,11728.1,11572.9,11686.4,11168.36276,11467.5978
11686.4,11690.2,11728.1,11775.5,11196.92781,11484.5127
11775.5,11686.4,11690.2,11576.8,11203.14882,11497.73005
11576.8,11775.5,11686.4,11571.8,11181.52644,11470.72669
11571.8,11576.8,11775.5,11531.3,11170.80021,11441.64755
11531.3,11571.8,11576.8,11511.5,11117.92646,11397.38535
11511.5,11531.3,11571.8,11096.8,11107.13569,11382.94155
11096.8,11511.5,11531.3,10706.9,11021.49954,11272.19125
10706.9,11096.8,11511.5,11094.4,10880.92966,11073.60376
11094.4,10706.9,11096.8,10687.8,10789.47728,11000.45821
10687.8,11094.4,10706.9,10861.3,10680.87239,10915.59492
10861.3,10687.8,11094.4,10930.5,10742.16499,10933.86418
10930.5,10861.3,10687.8,10932.5,10683.53269,10917.68824
10932.5,10930.5,10861.3,11116.8,10738.16388,10968.83876
11116.8,10932.5,10930.5,11018.8,10789.89841,11030.52247
11018.8,11116.8,10932.5,10660.3,10802.11947,11050.62591
10660.3,11018.8,11116.8,10247.6,10764.20374,10967.99728
10247.6,10660.3,11018.8,10118.7,10602.10835,10745.63533
10118.7,10247.6,10660.3,9800.69,10414.92521,10524.1716
9800.69,10118.7,10247.6,10183.7,10219.82503,10305.56471
10183.7,9800.69,10118.7,10346.2,10206.85668,10300.97699
10346.2,10183.7,9800.69,10373.8,10223.5343,10390.75815
10373.8,10346.2,10183.7,10531.8,10358.85988,10525.53514
10531.8,10373.8,10346.2,10202.3,10437.27118,10612.15141
10202.3,10531.8,10373.8,9775.04,10406.51397,10566.80505
9775.04,10202.3,10531.8,9849.83,10304.74418,10383.3391
9849.83,9775.04,10202.3,9732.86,10156.21817,10210.25612
9732.86,9849.83,9775.04,9314.91,10029.68444,10100.9463
9314.91,9732.86,9849.83,8766.98,9940.863385,9950.551031
8766.98,9314.91,9732.86,9177.46,9712.505876,9611.985025
9177.46,8766.98,9314.91,9607.11,9578.162725,9469.94542
9607.11,9177.46,8766.98,9943.83,9594.045534,9615.852228
9943.83,9607.11,9177.46,10105.1,9864.413641,9957.846706
10105.1,9943.83,9607.11,10103.3,10078.65293,10206.48824
10103.3,10105.1,9943.83,10171,10198.10846,10326.65914
10171,10103.3,10105.1,9807.53,10254.53118,10381.19493
9807.53,10171,10103.3,9404.7,10192.02828,10291.30371
9404.7,9807.53,10171,9041.62,10061.49315,10074.96078
9041.62,9404.7,9807.53,9434.15,9809.751565,9749.619183
9434.15,9041.62,9404.7,9841.43,9712.30344,9667.47979
9841.43,9434.15,9041.62,9989.41,9771.952365,9839.802789
9989.41,9841.43,9434.15,9603.65,9988.507913,10101.70722
9603.65,9989.41,9841.43,9829.4,10046.3166,10117.407
9829.4,9603.65,9989.41,9936.33,10063.37779,10105.43673
9936.33,9829.4,9603.65,9916.08,10021.64197,10119.67469
9916.08,9936.33,9829.4,9836.04,10098.36945,10195.52995
9836.04,9916.08,9936.33,9504.47,10107.07586,10188.68048
9504.47,9836.04,9916.08,9655.93,10017.94871,10057.1649
9655.93,9504.47,9836.04,9920.66,9966.876936,9985.910782
9920.66,9655.93,9504.47,10014.8,9959.230925,10040.15574
10014.8,9920.66,9655.93,10027,10068.93384,10182.74838
10027,10014.8,9920.66,9947.8,10160.05875,10272.46806
9947.8,10027,10014.8,10191.8,10171.2597,10272.61843
10191.8,9947.8,10027,10198.7,10210.30302,10325.98982
10198.7,10191.8,9947.8,10198.3,10234.10021,10380.83231
10198.3,10198.7,10191.8,10257.6,10299.85382,10434.84827
10257.6,10198.3,10198.7,10350.6,10313.54627,10453.63209
10350.6,10257.6,10198.3,10401.1,10342.53058,10497.29648
10401.1,10350.6,10257.6,10343.6,10384.34896,10550.05707
10343.6,10401.1,10350.6,10430.7,10405.864,10566.73245
10430.7,10343.6,10401.1,10353.5,10426.24758,10586.42042
10353.5,10430.7,10343.6,10497.6,10411.14817,10576.22228
10497.6,10353.5,10430.7,10507,10448.81784,10614.30098
10507,10497.6,10353.5,10558.3,10455.61388,10640.113
10558.3,10507,10497.6,10667.4,10504.25896,10686.42635
10667.4,10558.3,10507,10772.5,10536.67609,10732.35879
10772.5,10667.4,10558.3,10846.7,10588.49084,10800.11385
10846.7,10772.5,10667.4,10828.9,10647.72637,10868.76074
10828.9,10846.7,10772.5,10655.5,10682.83565,10903.28741
10655.5,10828.9,10846.7,10525.9,10665.3469,10866.69291
10525.9,10655.5,10828.9,10406.4,10607.10032,10783.16166
10406.4,10525.9,10655.5,10317.4,10518.12207,10680.93629
10317.4,10406.4,10525.9,10576.7,10446.9376,10596.97488
10576.7,10317.4,10406.4,10557.2,10451.92897,10621.98964
10557.2,10576.7,10317.4,10562.8,10469.81649,10668.1529
10562.8,10557.2,10576.7,10481.6,10533.86111,10717.02702
10481.6,10562.8,10557.2,10220.7,10514.02149,10691.91954
10220.7,10481.6,10562.8,10244.6,10450.34168,10597.48315
10244.6,10220.7,10481.6,9955.23,10388.86923,10515.75822
9955.23,10244.6,10220.7,9584.79,10266.46758,10382.1159
9584.79,9955.23,10244.6,9876.51,10145.47244,10191.417
9876.51,9584.79,9955.23,9942.87,10060.44859,10106.7776
9942.87,9876.51,9584.79,10086.15,10026.4723,10131.54053
10086.15,9942.87,9876.51,10064.13,10147.4121,10259.79723
10064.13,10086.15,9942.87,10170.97,10186.44141,10309.20957
10170.97,10064.13,10086.15,10125.91,10242.53713,10365.93078
10125.91,10170.97,10064.13,10001.7,10246.51533,10378.25614
10001.7,10125.91,10170.97,10068.7,10241.64539,10351.36337
10068.7,10001.7,10125.91,9927.1,10221.18291,10326.00105
9927.1,10068.7,10001.7,9965.21,10170.98011,10275.59941
9965.21,9927.1,10068.7,9892.77,10171.36485,10260.6204
9892.77,9965.21,9927.1,10157.17,10125.19637,10218.50948
10157.17,9892.77,9965.21,9988.63,10176.83587,10286.17538
9988.63,10157.17,9892.77,10028.5,10170.26204,10296.05741
10028.5,9988.63,10157.17,9984.57,10218.98708,10316.93393
9984.57,10028.5,9988.63,9876.4,10172.055,10278.46861
9876.4,9984.57,10028.5,9908.85,10152.63878,10241.54573
9908.85,9876.4,9984.57,10032.57,10127.99341,10210.02497
10032.57,9908.85,9876.4,10155.1,10130.20194,10233.51044
10155.1,10032.57,9908.85,10306.75,10186.36964,10313.73419
10306.75,10155.1,10032.57,10252.15,10272.0116,10420.58568
10252.15,10306.75,10155.1,10305.43,10320.05987,10473.18287
10305.43,10252.15,10306.75,10386.52,10360.90555,10505.44819
10386.52,10305.43,10252.15,10528.69,10372.15001,10532.26385
10528.69,10386.52,10305.43,10512.48,10428.31968,10606.32602
10512.48,10528.69,10386.52,10616.24,10470.5333,10656.77266
10616.24,10512.48,10528.69,10592.72,10524.43594,10710.36365
10592.72,10616.24,10512.48,10743.55,10533.39398,10728.0467
10743.55,10592.72,10616.24,10855.82,10584.92004,10784.22673
10855.82,10743.55,10592.72,10926.91,10625.95788,10849.20828
10926.91,10855.82,10743.55,10942.75,10695.7571,10926.09634
10942.75,10926.91,10855.82,10959.71,10738.15468,10969.59389
10959.71,10942.75,10926.91,10886.42,10761.36176,10991.49061
10886.42,10959.71,10942.75,10880.2,10754.28653,10979.51742
10880.2,10886.42,10959.71,10924.5,10745.26073,10962.86455
10924.5,10880.2,10886.42,10909.31,10734.56535,10958.97991
10909.31,10924.5,10880.2,11167.04,10737.46156,10964.8499
11167.04,10909.31,10924.5,11399.83,10794.01844,11036.71652
11399.83,11167.04,10909.31,11565.25,10874.96346,11155.26488
11565.25,11399.83,11167.04,11528.27,11002.7447,11296.05921
11528.27,11565.25,11399.83,11327.71,11075.83186,11364.86275
11327.71,11528.27,11565.25,11010.59,11072.88213,11337.5495
11010.59,11327.71,11528.27,10945.35,10976.62362,11208.07602
10945.35,11010.59,11327.71,11246.71,10866.80466,11079.62326
11246.71,10945.35,11010.59,11012.4,10835.48765,11082.05133
11012.4,11246.71,10945.35,11017.51,10825.10045,11082.86234
11017.51,11012.4,11246.71,10973.08,10860.907,11083.48278
10973.08,11017.51,11012.4,10739.45,10796.89761,11029.53328
10739.45,10973.08,11017.51,10743.84,10747.23481,10958.47118
10743.84,10739.45,10973.08,10869.32,10698.62999,10892.19417
10869.32,10743.84,10739.45,10811.86,10665.217,10881.55818
10811.86,10869.32,10743.84,10850.04,10676.2408,10898.91981
10850.04,10811.86,10869.32,10705.87,10705.04252,10918.81625
10705.87,10850.04,10811.86,10430.66,10669.78489,10878.84045
10430.66,10705.87,10850.04,10622.55,10602.5625,10774.37441
10622.55,10430.66,10705.87,10646.26,10556.77108,10726.11424
10646.26,10622.55,10430.66,10867.11,10524.06978,10728.12893
10867.11,10646.26,10622.55,10870.9,10619.28989,10833.08013
10870.9,10867.11,10646.26,10750.41,10662.84457,10895.23023
10750.41,10870.9,10867.11,10762.16,10695.40658,10906.77375
10762.16,10750.41,10870.9,10594.57,10678.5992,10880.04165
10594.57,10762.16,10750.41,10618.75,10618.49596,10814.12444
10618.75,10594.57,10762.16,10388.19,10597.93607,10779.46247
10388.19,10618.75,10594.57,10416,10514.86739,10688.26877
10416,10388.19,10618.75,10550.16,10487.06403,10639.14255
10550.16,10416,10388.19,10677.38,10458.99429,10637.40707
10677.38,10550.16,10416,10642.68,10514.05905,10714.66715
10642.68,10677.38,10550.16,10561.97,10563.02998,10765.48972
10561.97,10642.68,10677.38,10584.48,10573.71546,10759.5419
10584.48,10561.97,10642.68,10644.36,10555.63304,10737.57613
10644.36,10584.48,10561.97,10587.09,10550.6041,10743.90976
10587.09,10644.36,10584.48,10604.44,10555.35526,10748.34414
10604.44,10587.09,10644.36,10551.87,10564.18127,10750.05614
10551.87,10604.44,10587.09,10341.41,10542.40631,10728.58559
10341.41,10551.87,10604.44,10055.65,10496.81716,10659.24166
10055.65,10341.41,10551.87,10182.33,10390.54312,10509.16794
10182.33,10055.65,10341.41,9923.11,10310.83673,10421.62905
9923.11,10182.33,10055.65,9893.99,10204.95622,10319.03111
9893.99,9923.11,10182.33,10025.34,10186.50344,10262.74672
10025.34,9893.99,9923.11,10031.46,10138.6259,10237.24254
10031.46,10025.34,9893.99,10058.46,10155.70187,10271.04529
10058.46,10031.46,10025.34,10040.5,10197.55894,10309.65246
10040.5,10058.46,10031.46,10066.32,10200.35021,10313.37128
10066.32,10040.5,10058.46,10184.52,10209.62938,10321.82505
10184.52,10066.32,10040.5,10147.36,10233.54499,10360.75873
10147.36,10184.52,10066.32,10235.96,10253.85851,10388.95742
10235.96,10147.36,10184.52,10405.21,10296.47677,10429.91476
10405.21,10235.96,10147.36,10374.36,10336.33684,10496.4482
10374.36,10405.21,10235.96,10359.06,10382.89875,10552.86719
10359.06,10374.36,10405.21,10425.46,10418.44984,10575.17254
10425.46,10359.06,10374.36,10507.52,10420.96659,10583.61161
10507.52,10425.46,10359.06,10590.59,10444.71377,10621.90537
10590.59,10507.52,10425.46,10617.11,10492.21552,10680.97954
10617.11,10590.59,10507.52,10640.71,10532.51542,10727.04027
10640.71,10617.11,10590.59,10641.31,10562.67832,10757.21025
10641.31,10640.71,10617.11,10705.87,10573.4937,10768.85653
10705.87,10641.31,10640.71,10705.32,10592.01269,10791.4287
10705.32,10705.87,10641.31,10856.74,10602.92573,10808.17913
10856.74,10705.32,10705.87,11031.08,10648.03061,10861.78662
11031.08,10856.74,10705.32,11105.34,10706.16667,10946.57789
11105.34,11031.08,10856.74,11272.33,10785.85743,11037.84888
11272.33,11105.34,11031.08,11348.62,10870.87396,11130.77672
11348.62,11272.33,11105.34,11589.64,10929.1278,11202.75206
11589.64,11348.62,11272.33,11632.04,11023.66227,11308.79329
11632.04,11589.64,11348.62,11728.08,11086.06929,11385.95658
11728.08,11632.04,11589.64,11867.09,11164.18327,11458.43769
11867.09,11728.08,11632.04,11844.65,11212.05814,11517.74226
11844.65,11867.09,11728.08,11629.75,11250.30952,11557.61503
11629.75,11844.65,11867.09,11643.53,11241.32739,11527.42905
11643.53,11629.75,11844.65,11454.76,11206.63334,11481.18711
11454.76,11643.53,11629.75,11467.96,11127.57653,11404.24207
11467.96,11454.76,11643.53,11379.4,11104.21232,11368.01673
11379.4,11467.96,11454.76,11577.76,11047.18652,11317.11862
11577.76,11379.4,11467.96,11463.18,11071.62098,11346.94807
11463.18,11577.76,11379.4,11520.62,11061.566,11348.67431
11520.62,11463.18,11577.76,11542.98,11099.67088,11371.02452
11542.98,11520.62,11463.18,11607.84,11086.12497,11369.34452
11607.84,11542.98,11520.62,11393.97,11114.0747,11399.4066
11393.97,11607.84,11542.98,11376.12,11091.65343,11367.19334
11376.12,11393.97,11607.84,11179.97,11070.53901,11326.35595
11179.97,11376.12,11393.97,11207.79,10983.12822,11237.00234
11207.79,11179.97,11376.12,11133.35,10953.07412,11195.01967
11133.35,11207.79,11179.97,10899.71,10897.43201,11147.3745
10899.71,11133.35,11207.79,10923.9,10849.32046,11075.38031
10923.9,10899.71,11133.35,11146.27,10797.9986,11010.5783
11146.27,10923.9,10899.71,11283.87,10786.49202,11030.26025
11283.87,11146.27,10923.9,11413.12,10853.82976,11123.79082
11413.12,11283.87,11146.27,11407.87,10952.31248,11228.70191
11407.87,11413.12,11283.87,11404.95,11003.97744,11281.56256
11404.95,11407.87,11413.12,11276.66,11032.74536,11302.38902
11276.66,11404.95,11407.87,11310.9,11008.20806,11269.72926
11310.9,11276.66,11404.95,11374.03,10993.5962,11248.09152
11374.03,11310.9,11276.66,11141.29,10980.21662,11248.61209
11141.29,11374.03,11310.9,11331.35,10956.29788,11212.12444
11331.35,11141.29,11374.03,11296.62,10968.7667,11216.21273
11296.62,11331.35,11141.29,11294.98,10937.56774,11210.11013
11294.98,11296.62,11331.35,11301.62,10976.61064,11235.68089
11301.62,11294.98,11296.62,11328.47,10969.38372,11230.7296
11328.47,11301.62,11294.98,11233.56,10974.87307,11238.56903
11233.56,11328.47,11301.62,11221.51,10963.57258,11222.63667
11221.51,11233.56,11328.47,11271.5,10952.76484,11202.3753
11271.5,11221.51,11233.56,11276.51,10937.47001,11194.85085
11276.51,11271.5,11221.51,11432.74,10943.43547,11205.60692
11432.74,11276.51,11271.5,11414.86,10984.15153,11254.13301
11414.86,11432.74,11276.51,11596.08,11006.57233,11286.42909
11596.08,11414.86,11432.74,11655.64,11072.20042,11353.13786
11655.64,11596.08,11414.86,11676.59,11106.38034,11404.23034
11676.59,11655.64,11596.08,11773.9,11160.29908,11452.74069
11773.9,11676.59,11655.64,11894.96,11193.65327,11489.53298
11894.96,11773.9,11676.59,11905.92,11233.58591,11540.99383
11905.92,11894.96,11773.9,11977.74,11274.92362,11584.4567
11977.74,11905.92,11894.96,12004.59,11315.15539,11621.96492
